Codon	AA_one_letter	AA_three_letters	AA_full_name	Family	Hydropathy	Volume
AAA	K	LYS	Lysine	Polar_positive	Hydrophilic	Large
AAC	N	ASN	Asparagine	Polar_amide	Hydrophilic	Small
AAG	K	LYS	Lysine	Polar_positive	Hydrophilic	Large
AAT	N	ASN	Asparagine	Polar_amide	Hydrophilic	Small
ACA	T	THR	Threonine	Polar_hydroxyl	Neutral	Small
ACC	T	THR	Threonine	Polar_hydroxyl	Neutral	Small
ACG	T	THR	Threonine	Polar_hydroxyl	Neutral	Small
ACT	T	THR	Threonine	Polar_hydroxyl	Neutral	Small
AGA	R	ARG	Arginine	Polar_positive	Hydrophilic	Large
AGC	S	SER	Serine	Polar_hydroxyl	Neutral	Very_small
AGG	R	ARG	Arginine	Polar_positive	Hydrophilic	Large
AGT	S	SER	Serine	Polar_hydroxyl	Neutral	Very_small
ATA	I	ILE	Isoleucine	Nonpolar_aliphatic	Hydrophobic	Large
ATC	I	ILE	Isoleucine	Nonpolar_aliphatic	Hydrophobic	Large
ATG	M	MET	Methionine	Nonpolar_sulfur-START	Hydrophobic	Large
ATT	I	ILE	Isoleucine	Nonpolar_aliphatic	Hydrophobic	Large
CAA	Q	GLN	Glutamine	Polar_amide	Hydrophilic	Medium
CAC	H	HIS	Histidine	Polar_positive	Neutral	Medium
CAG	Q	GLN	Glutamine	Polar_amide	Hydrophilic	Medium
CAT	H	HIS	Histidine	Polar_positive	Neutral	Medium
CCA	P	PRO	Proline	Nonpolar_aliphatic	Neutral	Small
CCC	P	PRO	Proline	Nonpolar_aliphatic	Neutral	Small
CCG	P	PRO	Proline	Nonpolar_aliphatic	Neutral	Small
CCT	P	PRO	Proline	Nonpolar_aliphatic	Neutral	Small
CGA	R	ARG	Arginine	Polar_positive	Hydrophilic	Large
CGC	R	ARG	Arginine	Polar_positive	Hydrophilic	Large
CGG	R	ARG	Arginine	Polar_positive	Hydrophilic	Large
CGT	R	ARG	Arginine	Polar_positive	Hydrophilic	Large
CTA	L	LEU	Leucine	Nonpolar_aliphatic	Hydrophobic	Large
CTC	L	LEU	Leucine	Nonpolar_aliphatic	Hydrophobic	Large
CTG	L	LEU	Leucine	Nonpolar_aliphatic	Hydrophobic	Large
CTT	L	LEU	Leucine	Nonpolar_aliphatic	Hydrophobic	Large
GAA	E	GLU	Glutamate_acid	Polar_negative	Hydrophilic	Medium
GAC	D	ASP	Aspartic_acid	Polar_negative	Hydrophilic	Small
GAG	E	GLU	Glutamate_acid	Polar_negative	Hydrophilic	Medium
GAT	D	ASP	Aspartic_acid	Polar_negative	Hydrophilic	Small
GCA	A	ALA	Alanine	Nonpolar_aliphatic	Hydrophobic	Very_small
GCC	A	ALA	Alanine	Nonpolar_aliphatic	Hydrophobic	Very_small
GCG	A	ALA	Alanine	Nonpolar_aliphatic	Hydrophobic	Very_small
GCT	A	ALA	Alanine	Nonpolar_aliphatic	Hydrophobic	Very_small
GGA	G	GLY	Glycine	Nonpolar_aliphatic	Neutral	Very_small
GGC	G	GLY	Glycine	Nonpolar_aliphatic	Neutral	Very_small
GGG	G	GLY	Glycine	Nonpolar_aliphatic	Neutral	Very_small
GGT	G	GLY	Glycine	Nonpolar_aliphatic	Neutral	Very_small
GTA	V	VAL	Valine	Nonpolar_aliphatic	Hydrophobic	Medium
GTC	V	VAL	Valine	Nonpolar_aliphatic	Hydrophobic	Medium
GTG	V	VAL	Valine	Nonpolar_aliphatic	Hydrophobic	Medium
GTT	V	VAL	Valine	Nonpolar_aliphatic	Hydrophobic	Medium
TAA	*	STOP-TAA	Stop-taa	Stops	Stop	Stop
TAC	Y	TYR	Tyrosine	Nonpolar_aromatic	Neutral	Very_large
TAG	*	STOP-TAG	Stop-tag	Stops	Stop	Stop
TAT	Y	TYR	Tyrosine	Nonpolar_aromatic	Neutral	Very_large
TCA	S	SER	Serine	Polar_hydroxyl	Neutral	Very_small
TCC	S	SER	Serine	Polar_hydroxyl	Neutral	Very_small
TCG	S	SER	Serine	Polar_hydroxyl	Neutral	Very_small
TCT	S	SER	Serine	Polar_hydroxyl	Neutral	Very_small
TGA	*	STOP-TGA	Stop-tga	Stops	Stop	Stop
TGC	C	CYS	Cysteine	Nonpolar_sulfur	Hydrophobic	Small
TGG	W	TRP	Tryptophan	Polar_hydroxyl	Hydrophobic	Very_large
TGT	C	CYS	Cysteine	Nonpolar_sulfur	Hydrophobic	Small
TTA	L	LEU	Leucine	Nonpolar_aliphatic	Hydrophobic	Large
TTC	F	PHE	Phenylalanine	Nonpolar_aromatic	Hydrophobic	Very_large
TTG	L	LEU	Leucine	Nonpolar_aliphatic	Hydrophobic	Large
TTT	F	PHE	Phenylalanine	Nonpolar_aromatic	Hydrophobic	Very_large